,channel_name,subscribers,title,views,post_date,url
0,IGN,17.2M subscribers,SpongeBob SquarePants: The Cosmic Shake - 20 Minutes of Gameplay,11K views,6 hours ago,https://www.youtube.com/watch?v=CZ92U4graPI
1,IGN,17.2M subscribers,"Xbox, Nintendo, and Sony Won't Be Part of E3 2023 - IGN Daily Fix",14K views,6 hours ago,https://www.youtube.com/watch?v=OBho3R6bpJU
2,IGN,17.2M subscribers,The Batman 2 Release Date and More in DCU Chapter 1 ‘Gods and Monsters’ Details,11K views,8 hours ago,https://www.youtube.com/watch?v=4IIPUq8RWGk
3,IGN,17.2M subscribers,"Ant-Man and The Wasp: Quantumania - Official Teaser Trailer (2023) Paul Rudd, Jonathan Majors",58K views,10 hours ago,https://www.youtube.com/watch?v=fPQ2cWMnV3Q
4,IGN,17.2M subscribers,"Cocaine Bear - Official Behind the Scenes Clip (2023) Keri Russell, O’Shea Jackson, Jr., Ray Liotta",45K views,11 hours ago,https://www.youtube.com/watch?v=Yx1ez8E1Iws
5,IGN,17.2M subscribers,Honkai: Star Rail - Official Final Closed Beta Trailer,18K views,12 hours ago,https://www.youtube.com/watch?v=HfvgZt640M8
6,IGN,17.2M subscribers,Cyberpunk 2077 - Official 4K NVIDIA DLSS 3 Comparison Video,47K views,13 hours ago,https://www.youtube.com/watch?v=0vfYyQS4_N8
7,IGN,17.2M subscribers,DCU: Gods and Monsters - Official Roadmap Announcement (James Gunn),79K views,13 hours ago,https://www.youtube.com/watch?v=Nd6gBZI5808
8,IGN,17.2M subscribers,Atomic Heart - Official Gameplay Overview Trailer,123 waiting,"Premieres 2/1/23, 7:00 PM",https://www.youtube.com/watch?v=EsAOAW5ZGZw
9,IGN,17.2M subscribers,Street Fighter: Duel - Official Announcement Trailer,89K views,13 hours ago,https://www.youtube.com/watch?v=Hiy6JSdbx6o
10,IGN,17.2M subscribers,"Transfusion - Exclusive Official Trailer (2023) Sam Worthington, Matt Nable",19K views,13 hours ago,https://www.youtube.com/watch?v=7fDvcUFqmM8
11,IGN,17.2M subscribers,Tainted Grail: Fall of Avalon - Official Story Trailer,33K views,13 hours ago,https://www.youtube.com/watch?v=GA8bWCVlay8
12,IGN,17.2M subscribers,The Crew Motorfest - Announcement Teaser,29K views,13 hours ago,https://www.youtube.com/watch?v=uwlj-np1UNI
13,IGN,17.2M subscribers,The Crew Motorfest – First Four Cars Revealed in 4K,26K views,13 hours ago,https://www.youtube.com/watch?v=xNOc3xs-XIg
14,IGN,17.2M subscribers,Dead Space: 19 Brilliant Little Details,29K views,14 hours ago,https://www.youtube.com/watch?v=CMSKSwjA0PA
15,IGN,17.2M subscribers,Minecraft x Mattel - Official Camp Enderwood DLC Map Trailer,12K views,14 hours ago,https://www.youtube.com/watch?v=Lj0CdcWKLa4
16,IGN,17.2M subscribers,Undisputed: Early Access Hands-On Preview,53K views,14 hours ago,https://www.youtube.com/watch?v=fCJaCPahV3A
17,IGN,17.2M subscribers,Liberte - Exclusive Release Date Trailer,18K views,15 hours ago,https://www.youtube.com/watch?v=SdPj2Y-S9_M
18,IGN,17.2M subscribers,Steel Seed - Official Announcement Trailer,37K views,16 hours ago,https://www.youtube.com/watch?v=rU7kuTSe37o
19,IGN,17.2M subscribers,Avatar Generations - Official Launch Gameplay Trailer,68K views,16 hours ago,https://www.youtube.com/watch?v=jW0oBpxgfL0
20,IGN,17.2M subscribers,Teslagrad 2: The First Preview,15K views,16 hours ago,https://www.youtube.com/watch?v=38Tj9hiNqk4
21,IGN,17.2M subscribers,WWE 2K23 - Official Cody Rhodes Full Ring Entrance Trailer,92K views,19 hours ago,https://www.youtube.com/watch?v=l3NnnXjMcKE
22,IGN,17.2M subscribers,MLB The Show 23 - Official Cover Athlete Reveal: Jazz Chisholm Trailer,14K views,1 day ago,https://www.youtube.com/watch?v=hj0laILbRRs
23,IGN,17.2M subscribers,How The Last of Us Episode 3 is Adaptation at its Finest,105K views,1 day ago,https://www.youtube.com/watch?v=0HL3VqfUHEk
24,IGN,17.2M subscribers,HBO's The Last of Us Part 2 Adaptation Might Lead To Multiple Seasons - IGN The Fix: Entertainment,12K views,1 day ago,https://www.youtube.com/watch?v=3-ulupKCB9s
25,IGN,17.2M subscribers,Resident Evil 4 Could Mean Capcom’s Biggest Year Yet - IGN Daily Fix,41K views,1 day ago,https://www.youtube.com/watch?v=5Bg_4t0pe1Y
26,IGN,17.2M subscribers,VR Skater - Official PSVR2 Trailer,42K views,1 day ago,https://www.youtube.com/watch?v=T7eCwX8Nb_U
27,IGN,17.2M subscribers,Star Wars: Tales From The Galaxy's Edge: Enhanced Edition - Official PSVR2 Trailer,54K views,1 day ago,https://www.youtube.com/watch?v=pShiaeRmlLw
28,IGN,17.2M subscribers,"Murder Mystery 2 - Official Trailer (2023) Adam Sandler, Jennifer Aniston",59K views,1 day ago,https://www.youtube.com/watch?v=9Va3YRtDPO4
29,IGN,17.2M subscribers,Gundam Evolution: Season 3 - Official Hyperion Gundam Trailer,22K views,1 day ago,https://www.youtube.com/watch?v=qVtgVhKgUWE
30,WatchMojo.com,25M subscribers,Top 10 Most Brutal Deaths in Comedy Movies,25K views,4 hours ago,https://www.youtube.com/watch?v=rSpOLwKwCyk
31,WatchMojo.com,25M subscribers,10 American Killers Who Were Murdered in Prison,35K views,7 hours ago,https://www.youtube.com/watch?v=NI3rlHzq0x4
32,WatchMojo.com,25M subscribers,Top 10 Crossovers in Superhero Movies and Shows,18K views,9 hours ago,https://www.youtube.com/watch?v=4Td8PdP8ORQ
33,WatchMojo.com,25M subscribers,Top 10 Hardest Bass Riffs To Play,30K views,11 hours ago,https://www.youtube.com/watch?v=F18PZ2iS3Zc
34,WatchMojo.com,25M subscribers,Top 10 Pokemon Theme Songs,23K views,15 hours ago,https://www.youtube.com/watch?v=gEDiwzwOvaU
35,WatchMojo.com,25M subscribers,Top 10 Forgotten 90s TV Shows,52K views,18 hours ago,https://www.youtube.com/watch?v=Z_AqN95Js1w
36,WatchMojo.com,25M subscribers,Top 10 Biggest Flexes in One Piece,78K views,1 day ago,https://www.youtube.com/watch?v=dJZb47K_Whs
37,WatchMojo.com,25M subscribers,Top 10 Best Science Fiction Horror Games,34K views,1 day ago,https://www.youtube.com/watch?v=loow6_op-yQ
38,WatchMojo.com,25M subscribers,10 Deadliest Assassin Organizations in History,69K views,1 day ago,https://www.youtube.com/watch?v=so8ad69_SmI
39,WatchMojo.com,25M subscribers,Top 10 Sci-Fi Movies Inspired by True Events,43K views,1 day ago,https://www.youtube.com/watch?v=oIRUWX7Oqlo
40,WatchMojo.com,25M subscribers,Top 10 Things You Missed in The Last of Us Episode 3,129K views,1 day ago,https://www.youtube.com/watch?v=0LsdQjWyRPs
41,WatchMojo.com,25M subscribers,Top 10 Largest Abandoned Cities on Earth,36K views,1 day ago,https://www.youtube.com/watch?v=Ho3qIrtdgp4
42,WatchMojo.com,25M subscribers,Top 20 Best English Dubbed Anime of All Time,73K views,2 days ago,https://www.youtube.com/watch?v=PypinHesJBo
43,WatchMojo.com,25M subscribers,Top 20 Greatest Actors of All Time,81K views,2 days ago,https://www.youtube.com/watch?v=EyRMpP5NWY8
44,WatchMojo.com,25M subscribers,The Best of the Worst of WatchMojo,25K views,2 days ago,https://www.youtube.com/watch?v=uWb4r8rzsYw
45,WatchMojo.com,25M subscribers,Top 20 Best Robin Williams Movies,26K views,2 days ago,https://www.youtube.com/watch?v=Z48f1GgevEY
46,WatchMojo.com,25M subscribers,Top 20 Greatest Cartoon Series of All Time,65K views,2 days ago,https://www.youtube.com/watch?v=H0yzWNBwrog
47,WatchMojo.com,25M subscribers,20 Executed Criminals Last Words,80K views,3 days ago,https://www.youtube.com/watch?v=5S-nwYA3Oj8
48,WatchMojo.com,25M subscribers,Top 10 Times SNL Said What We Were All Thinking,47K views,3 days ago,https://www.youtube.com/watch?v=QUSs-vjVUlQ
49,WatchMojo.com,25M subscribers,Top 10 Fast Food Scandals,167K views,3 days ago,https://www.youtube.com/watch?v=XUAwY4dYFS8
50,WatchMojo.com,25M subscribers,Top 10 Video Game Theories That Will Ruin Your Childhood,36K views,3 days ago,https://www.youtube.com/watch?v=mZOGalgza7s
51,WatchMojo.com,25M subscribers,Top 20 Cartoon Theme Songs,74K views,3 days ago,https://www.youtube.com/watch?v=Xwy9zpKcIew
52,WatchMojo.com,25M subscribers,Top 10 Anime That Everyone NEEDS To Watch,92K views,4 days ago,https://www.youtube.com/watch?v=UZu-hdqxg84
53,WatchMojo.com,25M subscribers,Top 10 Most Controversial True Crime Show Episodes Ever,51K views,4 days ago,https://www.youtube.com/watch?v=XZkI346lAdo
54,WatchMojo.com,25M subscribers,Top 10 Cartels That Are Still Active,26K views,4 days ago,https://www.youtube.com/watch?v=WLrhTL-mEug
55,WatchMojo.com,25M subscribers,10 Times Celebs Came Back From Being Cancelled,62K views,4 days ago,https://www.youtube.com/watch?v=9bIzObxas1I
56,WatchMojo.com,25M subscribers,Introducing WatchMojo Channel Memberships! (Your Backstage Pass To Extra Perks and More!),9.9K views,4 days ago,https://www.youtube.com/watch?v=6R94MIplxas
57,WatchMojo.com,25M subscribers,Top 10 HIDDEN Government Operations You Won't Believe Existed,17K views,4 days ago,https://www.youtube.com/watch?v=g2Eey3S2Wek
58,WatchMojo.com,25M subscribers,Top 10 Deleted Movie Scenes That Would Have Changed EVERYTHING,49K views,4 days ago,https://www.youtube.com/watch?v=FB7jPhxHtVg
59,WatchMojo.com,25M subscribers,Top 10 Times Digimon Went Beast Mode,65K views,5 days ago,https://www.youtube.com/watch?v=zP3HOvjwbNg
